,PGA,PGV,DS_5to70,DS_5to95,CAV,ASI,SI,DSI,SA(0.05),SA(0.1),SA(0.2),SA(0.3),SA(0.4),SA(0.5),SA(0.6),SA(0.8),SA(1),SA(2),SA(4),SA(6),SA(8),SV(0.5),SD(0.5)
0,338.4262166,41.10068197,6.36,12.98,1099.61937,268.6302287,129.8586609,48.88779307,441.5111776,592.3628146,616.3254129,775.8472455,589.1295111,597.9640053,597.563744,689.7577621,512.7971041,161.3072823,49.43711334,16.08780834,10.42774241,47.58446362,3.7866513
1,301.8419204,22.98590684,5.66,13.46,954.2136654,248.9872385,106.3174518,66.91611791,318.287187,467.5498633,820.8559101,656.5775629,461.9641828,495.3458448,654.1812296,429.6728761,285.988695,126.4742703,51.32830814,20.7154743,9.999587013,39.41836987,3.136814207
2,226.9010702,18.21268512,6.4,12.02,844.6047534,201.4067584,86.96002431,31.43357793,271.9451456,447.5705262,533.847955,454.0784074,374.9990518,540.6380471,497.5966456,295.2741765,227.7820114,98.08007044,28.97663744,8.956284978,3.639128174,43.02260881,3.423630429
3,351.4116922,27.36987149,5.8,10.64,1183.699743,325.9662591,95.36598963,15.96279376,445.802904,983.1902614,1005.92876,617.6946654,813.6460021,654.1093409,636.927842,595.3272492,442.0275311,54.25690432,14.13901419,3.515841912,1.876333803,52.05236747,4.142195791
4,105.5880044,9.254587933,12.28,25.72,569.9297221,93.68815785,36.63006742,24.60577667,163.519838,211.3180788,274.0778537,202.4806935,163.8843365,144.8023589,102.3439999,92.03077269,86.11709698,57.66347073,28.56567507,9.867002085,13.21189938,11.52300559,0.91697165
5,103.6207904,10.96655122,11.18,19.72,575.8222225,104.0575211,44.44077157,28.62489328,112.6934421,143.4033716,230.8934545,263.8300476,291.8962906,253.95577,177.1043107,112.0661136,107.5262966,61.99842093,32.26659788,11.36658107,11.94620802,20.20915806,1.6081937
6,116.634215,12.69179761,7.8,12.36,446.134083,82.11732646,48.16768375,21.98179683,137.0633998,158.4345762,252.3931587,256.9152963,167.0466409,188.7682931,274.0394773,419.8030251,148.1584789,51.22561094,21.60958973,10.98747951,14.62973209,15.02170348,1.195389181
7,88.39952612,9.551311974,9.64,14.1,395.4650751,73.96225614,41.47170404,14.58109695,94.74722945,104.1847915,168.2584143,200.2295005,218.4449204,213.0134004,308.2208089,207.1651145,217.2838337,31.08155347,13.07832986,5.392814128,3.686878714,16.95106781,1.348923116
8,50.51299503,18.38886629,21.7,44.3,517.3565148,38.56208566,45.72917717,47.37448745,53.35273609,68.5460132,87.53995559,104.1172354,115.9664282,99.64097433,93.42081629,121.1973571,143.3312035,87.9769105,45.20826129,32.44181918,28.35113793,7.929176799,0.630983841
9,38.72001788,11.30326674,28.68,49.78,462.1572175,34.13107866,33.49415206,44.96547153,39.58703656,51.34451363,81.43061662,91.83558112,77.1491058,97.19311681,97.18799087,88.15389405,81.88456547,56.74687159,32.03300348,21.72945739,16.70417297,7.734382487,0.615482602
10,111.3756931,9.532221765,7.74,13.48,454.6555097,121.5646177,22.87574538,11.6976906,147.4656175,188.2914771,307.1762712,410.1094076,223.0787332,248.0513086,149.2506563,78.31209113,70.58386449,15.40180474,9.645681686,15.38667602,9.774669534,19.73929595,1.570803262
11,119.8013707,16.51061226,7.84,13.5,442.0770633,113.6157429,48.88531487,33.53811793,167.5026059,193.7983406,294.876098,192.0492766,391.4498945,239.0061391,272.3843707,133.7088734,124.944988,85.76745166,27.79008771,33.83503916,34.403057,19.01950423,1.513524057
12,79.82197298,5.543741862,22.56,33.08,688.1973281,55.20334693,24.52280084,9.192293543,105.4623224,365.0931301,167.7521852,121.8199666,88.7992079,128.6423647,115.6101909,114.2445589,77.03944882,24.41906648,10.87236611,4.751783818,2.064483209,10.23703412,0.814637291
13,95.18683607,5.642844365,21.24,31.86,644.3172637,66.87107212,27.69705595,9.604002514,121.9825854,255.3837319,189.7908198,148.6795513,169.7936571,137.5483289,86.20005437,131.425897,100.4850052,35.70218413,7.628192924,12.10983394,3.31548813,10.94574823,0.871034968
14,74.15998592,10.76637393,25.18,38.94,840.2695806,62.36992051,50.49643467,34.67889632,133.8630829,144.7216854,159.0513124,184.1718466,158.4174635,114.2340168,135.5909284,134.7495766,218.5225253,70.67818387,27.58188076,9.890418404,4.797682863,9.090454221,0.723395362
15,87.26421025,13.91190287,26.22,35.78,879.2128239,69.82604512,69.41556774,37.41668152,117.7295423,158.6748989,184.6182748,182.0460689,158.7793083,217.2877092,236.7233078,182.3164344,213.8775409,123.8885794,23.35652576,15.90531051,7.975030598,17.2912065,1.375990493
16,65.54141157,12.82372221,17.94,23.1,484.8395002,60.68765281,65.76383736,34.33404464,68.42536984,94.89442726,183.5601529,214.1616934,165.1250396,96.33103676,107.3127,104.8988244,102.6888213,136.9926193,25.13166671,17.82327648,8.315382154,7.665780337,0.610023417
17,43.24458064,8.588441205,16.98,28.16,439.7047923,49.28077538,48.02683053,20.27987556,50.15103648,82.80524907,141.4284604,105.9298152,134.4490881,93.88577702,98.34946892,90.34023273,104.610254,81.55358809,14.11462603,7.811981313,3.405690677,7.47119275,0.594538628
18,239.7942652,51.10737986,7.08,17.58,964.2084558,173.9540004,149.2785591,93.24113247,269.6421205,307.032542,400.3603412,369.6260736,442.9398015,534.6213977,470.2299992,418.2134133,488.2383997,175.1102108,80.24696671,89.34832735,62.91635475,42.54381906,3.385529551
19,148.8216997,29.07993292,10.88,18.84,871.9031063,170.8286908,91.16815153,73.56672728,178.2006598,402.2961279,463.6368521,403.7124827,463.3281495,433.3357638,223.4563667,252.3685264,319.1299519,109.1550459,67.66988317,52.99237897,37.3171511,34.48376441,2.744130781
20,167.221819,14.48269315,7.09,12.76,619.2130898,178.5141795,66.37375245,19.79446808,177.5910422,320.3699243,401.3811792,543.9392038,407.7796957,416.9236564,415.8095425,211.2390352,251.9893856,51.6058079,23.4559191,11.95261764,5.412545108,33.1777304,2.640199897
21,136.3594089,12.65917196,7.365,13.025,513.5144491,112.9503758,61.62810073,22.4378434,153.3463742,225.7868111,345.8184841,321.9039472,234.5004825,215.326037,272.3351668,139.9767604,174.810749,90.89324149,22.25487416,21.86440474,9.601369357,17.13510158,1.363568059
22,166.263219,33.50291551,6.885,21.16,751.3067568,178.5805641,65.7404807,75.26266911,194.6826435,247.7315461,476.9281216,541.1868478,414.7374266,280.1574863,249.6396162,206.9604948,145.3142778,113.5849156,56.64278675,62.75698394,38.63328493,22.2942244,1.774118008
23,158.0130805,18.65564916,9.805,27.51,739.4665103,133.6157113,83.12141374,68.2141003,164.4768386,285.8511704,425.409028,370.4329883,280.3252173,255.3539521,198.7300029,230.3718809,182.4116461,150.797723,49.42964166,25.86170609,14.91581266,20.32042186,1.617047792
24,362.5777401,34.7455062,1.95,10.985,820.6964332,345.4725521,120.7972638,39.60066348,413.779969,553.5777247,824.8692992,702.7836362,1409.054726,664.6624565,641.1468649,547.4484576,294.774405,132.1127548,32.75671268,15.74804225,8.233853589,52.89215772,4.209024176
25,316.4779533,40.35732556,2.695,9.395,853.4210535,333.8860384,185.0466996,53.87137644,373.5616754,501.5704757,896.7807262,1227.28039,821.7717188,738.1113739,469.1063169,406.2675338,398.5703109,246.2269373,40.55369668,17.55713675,10.00879546,58.73703686,4.674144879
26,548.3128471,36.2934406,1.745,6.375,999.9996439,545.0281747,95.55523623,45.60697958,711.3851822,1286.783217,1994.524128,1048.368074,1072.433472,1041.169973,695.0745472,484.3083769,262.2200193,73.40316163,45.29664863,19.27950321,10.02856861,82.85367391,6.593285878
27,361.1065464,45.41129301,3.055,11.37,940.630489,333.0234937,166.1879527,80.04150631,477.8653323,826.6914719,1309.140367,1210.061953,472.6227933,687.2374707,485.6610934,420.416233,372.5112038,294.5084624,59.0961713,26.36315247,13.42261389,54.68862027,4.351982123
28,221.5614473,16.57964627,4.54,11.475,727.4537842,245.7295433,48.11038529,15.4441329,312.5040172,383.5948777,699.7460116,485.712953,571.2017281,508.9589009,484.502221,240.9941402,106.7422089,42.9998498,13.42773492,6.722747871,2.798081431,40.50166246,3.223019892
29,317.170597,16.9673416,3.68,9.07,698.7612692,314.9628611,44.98369639,16.72181245,385.6213778,473.1248899,614.5346078,649.0923863,1051.240956,709.2212822,312.5484747,145.9298078,87.06758495,25.75644838,12.93921371,15.60113961,4.620522789,56.4380364,4.491196236
30,192.3215474,20.03469413,4.7,11.575,561.3678598,146.206698,87.45601447,25.6891305,201.3617008,190.0723108,416.9654151,562.0764255,277.2656112,266.8376687,311.4769246,401.5181241,359.2886181,65.44298419,24.7253164,9.774992172,4.995970384,21.23426699,1.689769277
31,242.0077242,36.84305879,4.75,12.555,681.3537279,190.5078718,131.8202495,40.22386886,243.1533762,336.2281355,421.8330439,470.7987957,467.0246044,549.1172199,363.5261265,454.5438516,528.3457487,127.5299111,32.78464594,14.31728633,13.94712746,43.69735995,3.477325418
32,123.2028072,17.20564415,3.745,11.96,404.0410462,76.55958725,57.1499261,16.15481003,132.3086279,157.8132523,207.1268872,156.069982,189.1584438,234.1746046,247.6031917,388.7213501,403.2416566,49.2925947,15.02702596,6.563262322,2.530986531,18.63502294,1.482928007
33,103.5898995,14.82577089,6.33,13.775,385.5446636,79.77254779,52.46101478,20.78649117,118.0650023,148.6835681,242.9643158,266.3865236,182.3315062,189.8403473,224.8102973,224.2433513,256.9176352,56.12019626,16.81939718,8.315677335,8.985539196,15.10701483,1.202178043
34,89.74787184,11.86127255,12.765,21.5,429.5481048,73.84015995,39.62755636,49.63930406,90.35331284,129.972422,201.7730702,208.2650215,185.4443644,187.5606738,139.6717883,137.3941899,101.8509098,50.7050367,50.81572141,23.39222981,14.73201741,14.92560418,1.187741842
35,110.129366,16.23456723,10.505,20.35,486.0321449,107.8060586,51.79080834,44.06711319,121.4226904,179.3142432,354.4011455,171.2919279,249.3208059,215.7637598,176.2488129,140.337852,82.68999054,77.01597464,39.81740947,17.64966348,7.785148357,17.16993445,1.36633997
36,90.23738059,4.812510761,4.975,13.01,285.3382581,80.14136848,16.42423022,2.757191523,102.5409076,150.087698,281.1257891,236.5333442,203.9704227,176.3721433,209.6049717,94.82404003,42.79924399,9.881198192,1.666758828,0.81092856,0.39080579,14.03524921,1.116889645
37,85.2128552,5.946891434,5.41,13.635,288.3824643,81.56302084,22.79279197,4.177193779,109.3729045,203.9630913,333.4933726,188.2494988,179.3676218,167.3907768,168.7760926,71.48209774,78.17618469,25.54546321,3.144106134,0.929354646,0.465844314,13.32053478,1.060014477
38,200.5579566,30.66576784,1.465,9.21,475.1935493,179.596523,77.88993659,19.24646326,230.0469248,313.5207766,415.6632508,508.4569436,426.8294281,483.4401922,576.5182769,556.9874881,393.2891808,41.05644342,16.56328965,8.322728316,4.197657099,38.47094814,3.061420781
39,152.0935904,12.7344837,4.345,12.38,408.0461861,109.793255,41.03335492,7.343289744,161.7671151,325.6887041,379.2574278,218.4704109,221.5538295,314.7011256,264.1678161,336.6837495,189.0211713,25.37388998,6.236330186,2.480974577,1.256577059,25.04311987,1.992868159
40,57.18974481,3.963495452,7.355,20.125,216.8659597,49.40637831,13.93524523,4.640426126,73.95210063,163.9925862,127.0252962,76.86343318,124.0182213,122.6959711,84.40772041,61.69928966,46.77090194,12.7264045,3.814680938,1.388030299,0.614865187,9.763835149,0.776981314
41,67.47717563,4.708937678,6.09,17.07,234.8944464,59.90478079,19.41674027,5.031066915,72.73290554,100.5826785,235.7203945,137.3820806,129.6906103,110.1600559,73.42164521,107.0196557,58.57696704,16.61005364,4.887533352,2.070542738,1.30185142,8.766258712,0.697596703
42,204.5096443,9.10353556,4.075,11.56,407.7956024,131.2315344,33.66089186,6.642297076,237.2675759,698.8863371,556.2107298,282.2167534,234.137713,222.8401305,149.1917928,187.4774154,116.8288495,39.43229841,4.538962842,1.657285604,0.876310476,17.73305415,1.411151612
43,117.0583526,6.906867709,6.435,13.59,361.89837,83.97486176,29.02876358,4.357805738,160.3966191,356.5311989,279.9037559,175.658736,190.6099643,197.8810236,159.9353574,185.1613053,106.8728697,23.08250345,3.459504669,1.067431297,0.587311443,15.74687152,1.253096221
44,51.60543623,5.575003956,13.755,23.755,297.3610343,45.55571216,19.32288859,10.38015295,61.71543533,91.92478535,135.5151573,113.2519161,90.88008195,135.7319294,101.5070445,118.5189511,78.2379607,20.15268144,8.725008867,5.977666063,3.578161211,10.80120375,0.859532484
45,69.21535531,9.158148988,15.565,24.87,308.6583684,49.62049385,22.55377819,6.791404872,70.57399312,126.2037765,112.4721972,121.070006,120.1746657,176.4665529,231.9002179,165.8568069,86.59968614,15.20336129,6.824244737,2.819685481,1.673823539,14.04276209,1.117487501
46,70.78934225,2.962747364,4.855,15.46,165.6901528,43.03210606,10.30667824,1.704904651,88.68246758,158.6360959,115.5885103,90.8573825,66.23725125,65.68285877,78.51160154,32.62180357,26.96686946,8.260698313,1.19288679,0.503333176,0.26787649,5.226875825,0.415941562
47,53.36496498,2.242844824,5.485,14.57,166.3921704,47.39497868,8.135331889,1.325057488,80.16787608,160.5680246,93.50691181,99.48354131,143.0228549,66.71915101,51.69401676,28.14519141,21.97566216,6.030987761,0.841414493,0.299178336,0.158549014,5.309341341,0.422503959
48,58.09414349,1.550341641,6.7,15.08,187.1493225,28.92604369,6.42856229,1.753083669,183.3867596,149.2758927,112.5816414,48.75000453,43.3648288,55.57026678,30.66233684,21.67514424,19.92224576,7.595034679,1.653915058,0.388487498,0.165526445,4.422141324,0.351902825
49,46.85445754,1.71414342,6.875,15.01,191.507637,31.45025103,6.715674194,2.204713393,277.5169968,139.1021916,108.510086,76.19526885,51.55552626,43.43476983,28.41771822,19.8021143,23.15583757,7.188113621,1.594395558,0.850830838,0.590191656,3.45642916,0.275053893
50,74.21475606,3.901342519,3.585,7.82,172.8067963,64.86766815,11.62562025,1.654404935,78.09962025,103.0203724,127.3032059,146.6344578,213.5868394,138.132914,78.0191969,70.81219175,39.07551777,6.386294458,1.098431099,0.463586823,0.244958349,10.99226804,0.874736897
51,50.62593822,3.058052153,4.03,9.29,148.1539482,55.10135961,8.439343143,1.157909561,55.88492786,86.94988652,165.3140823,192.3815563,101.4028037,72.02577351,49.93996305,37.56999007,24.91838188,6.139635636,0.831303837,0.390945044,0.185860534,5.731628942,0.456108539
52,159.203902,5.190376918,6.62,16.63,346.8301123,100.221112,25.90127685,5.424598033,199.5020834,225.5050857,370.0475311,226.5231837,174.6975156,164.3573809,98.33557388,65.71254546,81.48196914,27.55489384,4.700027262,1.227334609,0.723555231,13.0791448,1.040805273
53,208.746019,12.74048651,4.9,11.825,395.0685623,150.779704,39.73433512,11.58921939,245.5117412,339.4481892,389.8898085,525.3957858,221.7833139,232.0602311,198.6744159,162.3060396,99.62083245,52.71121643,7.38989329,3.02932518,2.295033628,18.46676643,1.46953858
54,191.0168707,11.01609893,6.26,16.055,522.7303235,147.5616445,48.56011821,23.39167837,275.9087258,350.7396376,354.059829,391.2248839,220.5254463,204.0169504,178.0159683,143.0189293,161.8844379,60.66566189,16.49246897,5.223551349,2.625511849,16.23515306,1.291952431
55,197.2869485,13.30201851,6.82,20.415,567.9549717,147.172494,55.64902901,22.58340762,203.6817326,363.5651756,409.7870306,454.617323,235.1872393,360.7092888,351.6873385,193.7546805,165.0454478,91.57503609,18.22391736,6.349847063,4.703489009,28.70433317,2.284218256
56,186.8785625,7.331308233,4.825,9.365,395.2900142,150.4933539,19.99907036,5.098999412,279.3635213,347.7838564,332.9957283,534.845764,355.3834365,195.5130373,107.5793526,57.97859076,51.35122236,12.11260627,4.446652845,2.447726111,1.033919032,15.55843316,1.238100772
57,111.4634626,5.551381733,5.525,10.725,369.389047,133.060388,19.31585744,4.361001395,201.739909,287.8008815,337.846929,412.4571225,262.3011703,204.8408364,103.1879651,52.01033221,33.69259757,13.96518837,3.494312393,2.368968905,1.163606094,16.30071583,1.29716975
58,372.0250744,44.59489383,4.635,7.94,995.0065656,394.7747372,106.3952748,71.96607344,375.3001572,557.3155774,954.9259937,1244.408691,865.8730692,768.5455189,560.1853121,403.7183255,223.08833,120.5890682,69.91864902,66.03105172,42.59937073,61.15890916,4.866871353
59,142.1165989,21.4809799,9.615,19.625,647.3825094,126.0557448,73.04219788,62.30045955,188.4244955,283.4267449,393.3632965,319.3817357,350.5626952,215.1397891,230.1516981,175.7697629,188.5669675,133.2563681,59.09480229,45.1694554,31.10369591,17.12028045,1.36238863
60,115.8286967,22.98880254,9.69,19.525,586.5913188,108.5407166,55.91869067,53.02115883,165.7267942,231.2809652,346.6018266,312.3066015,235.3551988,191.8474802,186.3218272,153.9336209,154.3767923,77.70662366,45.63878205,31.65210143,37.54567547,15.2667374,1.214888361
61,115.6764975,16.12809064,8.085,21.43,532.451678,111.3081184,53.51171665,39.04497635,131.8522804,245.8785629,351.2332102,293.1846304,270.8903237,230.2389538,232.291213,128.7989671,145.3119899,83.57030311,39.46944992,21.27790921,19.22531362,18.32183379,1.458005207
62,135.8673112,13.65443671,8.96,21.61,532.936481,127.6263617,41.30638199,40.64080345,165.2943239,272.6190037,400.9015144,430.0422524,273.3664871,164.7336709,164.062543,113.1294654,71.32876978,50.44962544,32.39645264,32.62601651,12.59511405,13.10908901,1.043188157
63,262.2215834,47.95720948,4.325,11.895,900.9395815,276.4031835,147.2212153,108.7312483,336.6576108,664.6938191,804.7245651,656.4986498,576.9797396,543.8970842,542.2126901,436.2635676,267.1844583,270.9673078,97.74580882,28.6408097,33.38578868,43.28195475,3.444268522
64,218.2160067,43.27658573,5.13,14.15,730.5150262,198.4924288,65.49917493,102.9895715,282.9128804,749.3067446,718.7793571,356.0719722,288.1267369,487.0185937,383.4331356,164.6595502,128.6949676,78.26026887,108.178329,63.44425947,30.50643856,38.75570828,3.084081273
65,474.9470429,39.63128378,2.73,6.715,838.4641224,357.0475847,178.1139656,69.04242174,550.4785634,872.6634986,1032.811776,970.2893486,843.0016421,701.7253221,704.6814661,727.6108015,531.2596006,285.7314214,55.88938106,34.4631345,39.05273006,55.84152685,4.443727514
66,363.2652843,80.38726395,3.4,10.26,777.1531568,243.6012299,183.2777454,272.7263301,484.5083433,452.6967779,730.8171426,449.8899627,496.3329312,605.1522788,353.3858405,427.3314923,485.767526,331.6114951,281.9434597,130.8575664,66.99587604,48.15648825,3.832171573
67,518.4491462,48.89409774,3.55,8.295,966.0674785,414.0014218,168.3947864,136.945459,853.1973601,1178.356557,1148.568067,950.7402066,892.038396,1004.015873,524.0016832,496.0018371,405.8031016,234.7962236,108.3371546,78.90252109,68.78341063,79.89704458,6.358004792
68,375.7379702,96.86931055,3.79,9.55,1006.522206,395.9129944,217.5701111,311.4173596,735.6016953,576.8395202,702.5729697,1077.946397,1311.263893,995.2447525,663.7718744,493.107021,668.1068108,335.1362886,314.444057,131.9219625,65.03011539,79.19906097,6.302461021
69,438.6371368,66.99642932,5.27,11.46,979.9443425,269.0019381,207.4495952,185.9661338,1208.025574,1245.955919,634.8824102,849.0491197,509.3069232,514.4580289,655.6488761,805.7874,595.9339739,381.650982,163.6524141,51.72659837,30.22834942,40.93926916,3.257843527
70,440.3609497,113.5148015,4.27,8.73,1048.194698,304.804319,222.3935534,359.687537,770.9466987,706.6992815,668.6671638,884.1460198,812.7565056,658.7425672,649.5219558,579.0768299,427.0769421,427.567351,375.1708771,149.7618338,64.72262886,52.4210679,4.171536039
71,334.2200464,51.66299456,2.77,6.85,646.6535021,205.6306589,173.378648,121.0503294,347.3428523,381.2228001,531.2247526,608.5669376,393.3269981,524.6746871,605.4907896,688.3299727,646.138486,209.815141,98.59507745,64.3814408,38.39028987,41.75228499,3.32254127
72,460.0173009,113.1007481,1.365,4.795,808.8393524,309.876315,267.861692,289.5140377,469.8755516,564.0163348,723.6864783,723.4512648,818.5470834,816.0651379,838.0173985,1290.52056,656.026441,449.9603048,278.6514958,102.3198324,44.70775832,64.94040029,5.167792857
73,598.345689,54.47244811,3.015,6.82,893.8099312,365.181313,183.765123,111.779466,662.9094589,1247.403558,1063.084708,893.4812916,847.8413131,751.6308363,739.6905231,483.6207974,361.6065679,279.4596971,103.7270082,65.81980962,47.40498914,59.81288149,4.759757875
74,457.0755021,52.06430592,2.855,5.765,864.366073,327.8702135,126.3842036,162.7186845,648.7115332,1271.35862,750.6184988,557.1130063,643.7224383,640.6672736,716.1811332,424.0210811,339.7072564,140.8490776,172.2898594,87.78351159,41.43649622,50.98268173,4.057072905
75,253.1610233,53.11808882,4.695,11.815,797.9703648,234.5655812,109.1132796,147.0797991,294.0711868,387.6525576,512.2370953,756.8715248,535.0569443,579.847561,446.4449562,372.8159945,336.3242171,137.7793618,153.4581965,77.65577324,40.47866012,46.14280279,3.671927576
76,217.1686565,51.4422247,4.705,12.815,782.6452078,240.017282,112.5181339,140.9411818,257.8586725,471.7392995,853.3789538,761.9080967,559.9378295,370.945525,270.37794,269.7512911,257.8959495,160.85102,143.155841,58.19430469,46.27962211,29.51890696,2.349039979
77,42.24804848,3.181175207,6.335,10.805,132.4678837,42.40671969,12.57462136,8.049393172,56.72592165,94.79761405,176.0353535,75.03287486,112.8564963,54.30777141,62.35267439,31.77412361,20.76227948,20.62245234,7.432240366,2.815780473,1.534374937,4.321675134,0.34390798
78,56.63087363,5.851171893,5.84,10.815,183.615985,57.51325312,18.22240157,13.13095483,62.19270832,116.5706973,209.285224,177.3528955,119.4137501,80.36597728,61.05819365,62.13448427,58.46238418,22.57796307,12.61481365,4.934978905,3.663433956,6.39532127,0.508923496
79,587.1480637,46.73434282,6.07,9.65,1486.103335,508.4565755,174.5431989,69.10890185,819.644322,967.3534013,1159.798876,1147.724563,1567.835225,1381.662498,1262.588477,995.6250073,419.9438771,240.2608411,52.34312186,36.37729549,22.09998107,109.9492081,8.74947998
80,761.8974673,44.92701806,4.655,9.745,1786.856774,792.9146558,187.6261838,51.99059383,1088.137687,1267.951595,2303.522335,2140.259805,2310.398056,1231.012473,1827.555734,857.9956236,440.0621225,170.6764753,39.76544109,38.75511392,14.5452174,97.96086004,7.795477552
81,159.4612285,36.59488301,5.26,14.915,502.9851566,129.5240151,89.0258885,116.2210309,265.2378883,269.1118701,426.4419487,449.2059273,176.8625091,156.6661204,131.279926,176.053385,208.7221487,169.8947823,104.1534278,45.22145026,22.95803842,12.46709374,0.992099797
82,215.2762673,40.92448582,3.005,14.38,544.6129117,198.8386419,96.0803773,62.7491381,235.9251073,356.3647497,498.8149581,685.3036444,466.7645085,440.6571321,453.6184128,302.4571906,284.8136808,125.7122701,54.19451735,32.10044185,18.16074783,35.06638039,2.790493888
83,271.6355751,22.44823111,5.795,11.04,795.2946993,255.4188529,65.1210921,36.24013968,297.3350655,571.1267513,617.7608583,580.930276,695.229,617.2838668,457.0509501,250.3935691,181.9494136,61.30786802,33.9289094,27.81715407,15.52263639,49.12188935,3.908995752
84,199.543949,18.6524982,7.15,14.815,797.7361321,191.8636665,66.03388485,41.24235457,226.552533,544.7458635,481.6570853,515.4748393,313.3278582,403.3954877,246.326362,175.7442862,152.1307703,83.22163355,46.14710485,37.97808597,29.6074708,32.10119294,2.554531768
85,113.7369383,12.83394477,4.66,11.115,266.1103524,94.11266388,41.16789197,14.41802503,115.7609034,117.1731826,252.9845282,254.1084889,285.0766451,294.4932386,284.4988609,168.4009539,104.2326656,52.54870161,11.67163163,6.085902059,2.622166801,23.43502731,1.864900219
86,125.5721919,16.00081854,3.245,9.99,339.229653,101.4415519,44.54689052,12.77354567,131.6260468,125.7757387,163.794794,315.9256388,306.3220757,465.7591896,471.8889303,219.6112302,102.7986136,46.43309324,8.818326987,5.859621455,2.121187221,37.06393866,2.949454524
87,138.3925235,16.05324366,5.37,15.015,492.7389972,111.0344096,44.99131682,46.12371259,274.3682854,572.162414,276.1997578,289.3123236,178.4460909,205.3926213,127.0315087,118.1470467,101.6061132,82.82141043,48.08019366,19.06290569,20.68893358,16.34462548,1.300663969
88,133.6477721,10.97193159,6.99,19.525,455.4157642,88.57517938,33.35469399,28.40705293,242.6065261,331.1880656,258.0222278,269.574589,162.9272055,146.6267302,126.0235224,76.20155001,68.71216139,62.56622596,28.77036437,15.98715191,8.397376536,11.66818445,0.928524616
89,169.7920439,50.67300541,5.3,12.79,686.6148931,176.7566206,107.2100201,142.1867761,215.2243273,408.4042175,349.4963133,478.1793687,384.7664801,577.5732272,292.1825486,173.3427877,195.5158136,217.6045837,139.6818626,95.02668563,49.28433358,45.96181706,3.657525189
90,227.1488842,46.3614089,4.245,12.04,716.4577647,190.4591004,149.7626619,92.68653567,250.3344065,274.1820532,555.9060372,568.2116707,425.4369289,321.4046936,290.3189086,262.7051984,299.5926083,262.1855283,77.88974912,38.27941588,28.58015557,25.57657286,2.035318999
91,359.7172383,36.00603429,4.495,9,1128.358648,402.4417806,138.7301392,95.70989236,360.860681,606.71499,1219.487554,1163.595081,726.8244807,523.4745934,420.8240582,343.5756258,243.476573,246.4958513,76.76238252,48.1619213,32.59979059,41.65678456,3.314941588
92,220.4184823,21.71102718,5.24,13.15,768.1202712,209.2002303,79.22388504,87.42473868,316.9865154,519.1452134,618.50483,523.8847252,441.104486,300.4565438,300.8203254,296.9578086,243.6414964,77.31635527,104.3471759,33.23549981,15.96206552,23.90957206,1.902663291
93,191.1592633,16.93242115,5.04,13.42,648.0053596,152.0422859,54.28251379,44.86003984,312.3202798,572.2788925,414.683644,360.5234361,297.1070001,295.7750707,202.1183457,137.2018638,154.0869744,107.5460816,44.35202307,22.23252971,11.69190001,23.53703227,1.873017516
94,41.41161969,8.624150025,18.645,33.54,440.2902894,46.56562124,35.06024812,37.54467001,43.19200425,56.43601256,110.7606524,140.645212,110.3867533,118.2785352,85.18802966,121.4526997,100.5115852,42.25696567,38.72751703,11.54423442,4.828486531,9.41230677,0.749007574
95,57.8878508,6.654160031,17.105,29.415,428.3788074,53.22380504,28.68730771,19.25075796,59.25846253,66.57063714,126.3540938,146.478233,138.4612799,181.8334872,102.602971,126.8228909,114.7093598,37.51103053,20.85122285,11.73260153,6.036100948,14.46984916,1.15147401
96,99.09315819,10.81240052,9.78,21.22,486.3062249,88.89537252,43.23035216,17.46391754,112.4123345,148.7154672,336.952336,174.2158335,191.2890484,225.0935143,199.4026695,135.5798753,131.0891533,43.10459855,19.67047767,3.697835684,1.639134476,17.91237273,1.425421331
97,78.28057354,4.891656126,8.62,18.5,388.5086191,84.26851147,25.21604742,10.43738572,90.41975289,136.7339454,161.4328417,155.0887335,213.3615198,172.7007414,129.7274225,98.57056966,70.0710679,28.12959982,6.121646317,2.275011391,0.909409881,13.74308833,1.093640221
98,557.3383975,51.54699439,3.9,9.08,1303.13065,511.1805849,183.5150559,61.19582705,610.0525833,802.7359108,1146.928935,1189.435606,1384.739701,954.3399621,837.0061211,1011.808667,520.8464152,227.5144359,51.83167564,15.85395014,9.018366956,75.94396118,6.04342841
99,504.2826558,52.17371535,6.72,8.54,1487.873756,413.0579732,229.0851296,71.03348667,542.8795825,593.6998552,991.1485344,1371.808606,904.4013131,1312.465947,1195.209018,917.5140633,939.5881244,276.6510206,53.12043224,24.16616083,12.08644409,104.4427215,8.311287702
100,84.82683603,9.227321112,7.52,13.92,360.0420701,94.85598492,39.72511136,10.98677778,93.18459567,108.1724411,216.4620089,230.5968288,278.5883213,225.618681,228.5499652,210.1669526,228.5307785,24.3612298,10.19067939,6.339160756,5.551046387,17.95416417,1.428746988
101,75.19286153,9.44669667,8.36,16.02,300.3823513,62.15901619,33.27734124,10.98547635,81.57819984,111.2777933,129.1211499,213.1443163,151.4986955,166.3472698,209.21528,194.4547909,164.220534,29.50728116,9.307470921,7.448714557,3.492714889,13.23749513,1.053406392
102,70.62561042,6.022293397,5.11,11.91,222.3978449,59.06551267,22.61953487,7.600325434,74.12996679,94.381766,216.5671774,151.0174586,135.5457305,128.3849559,147.2411992,162.677742,143.5307051,15.14705739,6.949563918,2.389129416,1.082291314,10.21655017,0.813007231
103,59.02525549,6.278117823,9.72,17.63,241.0904797,55.66152371,22.05895263,12.00208593,63.76704045,112.5457677,151.4592884,186.2307783,102.7262867,114.5820656,94.54686782,118.1591157,78.02767475,25.59213207,10.3634608,2.754096644,1.146583711,9.118151064,0.725599407
104,71.13090787,5.02349147,6.52,11.48,198.9694821,59.87883635,14.91041741,3.919052721,74.34990445,78.00000724,185.0855214,156.1175089,172.7246098,138.6498392,107.146033,106.5118036,60.28323392,8.198930147,2.547446012,1.115296575,0.521455865,11.03340364,0.878010364
105,52.73046492,3.464469741,8.14,14.52,212.8121167,50.92446221,13.76007886,6.023887905,60.16058117,87.45317655,184.4465643,163.0961712,95.95966579,53.26880686,64.16126876,57.32540412,54.11609161,9.644230301,5.610984632,1.727638511,0.801072877,4.238996962,0.33732866
106,113.9498407,7.192777481,5.36,11.84,410.5457618,120.6891833,26.93377233,5.794002183,131.7985684,230.6688842,497.7362766,285.1225932,245.6106138,250.5010156,129.7382128,91.98957593,116.1776017,21.37342206,4.659778809,1.456450315,0.743525493,19.93423744,1.586316213
107,146.7660297,7.212014683,5.74,12.4,492.8104305,129.6205525,23.88487333,2.541890419,177.1620424,297.5077087,401.9330798,266.6132445,170.3125436,201.7847999,169.1185703,139.1404306,78.13830749,15.93149427,1.915106355,0.813865651,0.448765053,16.05752417,1.277817173
108,55.37817216,5.014804645,7.26,11.74,231.0432562,55.40659181,18.69488827,5.010382655,57.00608195,65.99736098,99.04189294,144.4362011,190.764677,160.0463256,195.4646395,85.76437335,94.17306774,10.66483877,5.57085582,1.182787902,0.561084538,12.73608192,1.013505196
109,36.25344927,3.486953334,10,18.39,206.1094932,34.96964273,16.14301537,5.750256603,37.96148723,51.60799282,89.96366914,81.83214598,109.5876005,99.0041952,130.9047305,58.99806852,78.82764536,12.12371819,3.980079897,1.516797497,0.5615886,7.878503527,0.62695139
110,268.2941553,27.01212179,20.94,27.14,1526.419108,221.273571,126.9975796,44.16795055,275.8882446,288.205245,373.0440187,692.6040991,733.8423695,656.4722621,547.0122794,649.8219598,393.1732701,129.9026114,41.13609499,16.75110563,8.214052982,52.24040276,4.157159164
111,278.4596306,42.57786652,21.68,26.04,1737.78131,208.2484716,163.7860163,78.26701491,292.0964835,385.0703863,508.7381983,729.1645514,459.1356213,413.9281524,594.1132349,665.1638734,517.6288288,185.7213062,72.60993408,37.22570605,20.31791173,32.93935577,2.621230646
112,47.91471331,8.297032289,7.045,16.89,247.9863036,43.54583783,31.29285535,13.28161969,49.23619274,52.91966854,90.52013965,170.542993,143.8142889,89.32850124,125.3875847,163.05829,168.7207507,19.22535285,11.86169823,10.03630311,5.191878812,7.108536266,0.565679342
113,115.9245077,21.77311825,1.99,8.71,294.6245664,89.75906374,62.80998107,25.48226378,118.6323072,128.9486029,164.5707226,241.8117432,321.4058116,297.9695891,269.4474056,324.6335047,322.8177691,55.70252221,22.00218523,18.25869273,13.4910849,23.7116665,1.886914466
114,632.2606151,55.94930481,3.37,6.855,1250.464181,598.561447,156.5519942,47.4787366,714.6762126,863.3703444,1000.441863,2121.940349,1631.291948,1412.575364,1063.153691,597.0799643,387.9397679,168.5341057,36.38271563,14.72196657,7.363750722,112.4091759,8.945237993
115,473.4523134,47.55999984,4.645,7.885,1172.746323,341.5117138,165.7438473,53.37162919,523.5860686,595.5496365,1000.576371,968.7888507,787.3419269,1016.461621,1349.356443,1296.525894,537.4678749,120.1399737,49.51181256,24.00036666,14.48141141,80.88744574,6.436818412
116,157.3234768,13.41567571,4.675,13.385,511.452164,169.1986449,50.96897785,23.10268971,174.6749966,288.8817636,773.4782383,323.5955855,437.0501345,234.5635471,269.0747274,188.0406828,151.7406657,50.70343821,22.13937144,13.36629724,6.275781358,18.665974,1.485391015
117,175.9791575,22.70658008,4.86,11.375,561.308372,189.1382504,79.59434967,39.16117677,195.0372167,269.1000628,626.0455359,335.341428,570.6397011,478.2548927,309.6004163,280.9639538,165.5885322,108.4383141,30.74040954,28.77730257,15.021191,38.05831511,3.028584488
118,124.0771681,14.09364072,8.55,18.225,533.4036549,109.8314333,46.60497199,35.30862585,134.9945536,217.1958435,264.2698317,291.5896582,220.3563003,237.1922118,284.3555004,118.13303,125.9041421,51.90755656,43.42900744,21.1389127,14.91548708,18.87515649,1.502037228
119,103.8247687,9.645737138,7.21,16.77,498.4092176,117.703416,34.69292169,26.44439851,120.3597025,194.3290295,307.9318726,344.5284674,216.8779737,261.9373494,204.9061026,119.952195,89.73654614,40.37267769,17.49246876,13.49714933,7.269893237,20.84431197,1.658737643
120,351.6005683,31.07659786,1.575,5,588.9435265,356.5286172,91.33916268,34.67427497,653.6803882,834.9396657,812.7126993,896.0907882,1096.123647,646.8645694,323.8200127,237.7377548,238.1116637,102.7155229,29.52802124,15.18557791,10.61251343,51.47584686,4.096317739
121,320.2846987,23.51497347,1.34,4.83,514.3385008,309.1600272,57.23294081,29.20289704,469.3717133,729.5130131,1112.113394,582.4621178,631.6378104,571.2733078,496.1436266,195.4435376,111.6539401,59.92767519,26.06439876,14.16810659,5.577186993,45.4604854,3.617630483
122,123.273219,13.05022694,4.525,12.96,401.4467479,123.5010805,52.61388703,29.38631624,161.4498837,330.4966252,342.2257894,288.4678053,248.0246845,224.4580375,256.4370731,149.5923719,194.5256155,74.57672834,31.18618062,10.83009259,4.031479492,17.86180309,1.421397128
123,167.3282212,13.95110662,4.505,12.65,557.984525,183.4096066,58.72406707,23.08899198,193.9249161,313.9180577,480.5806211,445.0938253,370.5767057,266.890353,301.6900811,157.6847058,202.3671325,64.6309259,17.59306636,11.18552579,5.105522432,21.23845947,1.690102904
124,47.92718737,5.611447245,7.54,19.535,204.9682482,41.86664549,19.43336116,14.24067644,57.53190864,98.80867806,152.4869861,81.04464355,110.0797325,96.65968997,85.36196727,56.01060596,54.43151761,28.54213126,16.81382504,19.23418178,7.52872015,7.691933728,0.612104637
125,49.42258381,6.051318721,6.69,14.485,184.3523052,43.6540322,15.29971854,14.03965684,78.88181043,154.0863713,153.7807392,123.250695,70.96977186,51.88437168,62.23126022,59.00042505,53.60778941,18.81307148,13.07858778,13.55791722,7.670823412,4.128827111,0.328561622
126,504.5081106,41.56498078,3.74,9.37,915.3123196,296.675927,176.5545413,72.44326398,621.1777021,774.1314809,936.9307017,741.5136804,583.6458825,605.2572197,639.4484247,437.8262406,439.0524425,290.6888762,55.32322648,30.32681211,14.17453877,48.16483918,3.83283612
127,319.9199894,45.95717341,4.075,8.175,812.6584398,286.404862,111.4492082,126.6574413,367.161633,593.3934778,1116.756662,530.6627924,522.5812311,585.9236593,426.4062045,237.5506508,339.8754865,136.6347315,134.5855143,80.37258009,39.39547051,46.62632333,3.710404918
128,306.4697766,10.37112441,5.595,8.95,678.1890326,193.3236436,31.35590684,18.74579482,659.4776757,683.5993957,698.3319496,437.2742243,397.0996429,267.755123,162.5863166,108.5832427,97.5020253,29.3392903,21.32933332,6.424350144,2.344064917,21.30727568,1.695579124
129,398.2204017,13.18399418,5.385,8.59,928.5557244,283.3971192,54.16292553,12.77085155,622.4391325,919.9354664,1155.981396,488.7748156,446.2494459,252.0171041,174.6864615,162.5226322,241.0632173,37.89926992,11.553385,3.115399127,1.661858445,20.05488393,1.595916955
130,79.14935447,14.00465093,6.205,16.815,322.0184459,57.62354787,50.73086593,50.63848569,82.01075058,91.78141017,152.4516596,150.0820905,180.5755088,172.6597967,190.0386034,154.5348049,205.6636497,83.59646332,51.33470895,23.50525734,12.72700859,13.73983006,1.093380935
131,81.29562808,17.87214328,6.32,15.575,333.9369379,72.73995942,49.11866834,37.20372374,88.23085762,105.5848192,154.7280665,253.6981963,171.9427295,261.4698419,209.9994805,145.2026781,179.0700841,75.91491732,34.00313005,11.17464629,14.86487202,20.8071089,1.655777117
132,28.83238457,4.347833915,6.815,16.72,125.47557,27.80175806,12.73823166,10.92311287,35.32191167,48.24302034,59.26305106,92.82680985,63.89958615,67.41951744,63.17771668,58.56178831,42.83718396,15.17825136,11.73066668,5.868298379,3.597935341,5.36507473,0.426939082
133,66.91551937,13.90891686,2.735,9.045,162.7775676,53.41846041,36.85242081,26.89219066,72.24007725,97.50091421,96.84220349,146.6197537,140.8649614,146.2965775,206.3129519,85.17879964,71.47530761,61.80803266,26.02377864,12.12033882,9.659787571,11.64191173,0.9264339
134,66.97958621,4.175178558,7.095,13.435,278.6621459,73.46418893,14.69451238,2.428534629,70.70128834,87.29555818,181.8215878,237.1779834,155.1958388,190.9461294,136.5238634,102.6525465,59.03673908,8.519139825,1.678978895,0.67534672,0.318982866,15.19501018,1.20918049
135,67.27616873,4.399481925,6.715,12.165,271.1266889,71.68856646,13.32329188,1.484681946,71.12820614,82.19701122,150.998878,155.1318573,180.169082,162.3696416,235.2076332,90.44696537,29.58565885,6.035419386,1.102195871,0.453399675,0.265523875,12.92096553,1.028217767
136,60.42570395,2.702009495,5.475,11.46,176.6383587,61.20070015,8.901529353,2.579521838,71.08832838,173.8074581,163.301341,163.4044785,151.5754041,83.69926448,56.39388417,39.4736913,19.35195474,5.849961905,1.984960104,0.602470562,0.248600539,6.660575837,0.530031784
137,60.2898132,3.272711928,5.05,10.715,182.8701006,59.33986755,7.29857645,2.218536377,71.28209111,98.36341006,160.3146071,230.7108684,126.1523484,52.42811119,44.98231804,28.13471693,15.38306815,4.359862032,2.087830882,0.960468204,1.050567782,4.172096527,0.332004893
138,42.42634318,1.439619051,7.07,15.75,144.8497421,30.9284287,3.138767161,0.895206559,78.32429845,92.62237356,153.1140439,68.45224202,25.20265803,12.53249957,11.39924604,5.858309326,3.204402321,4.771795268,0.542953023,0.177668059,0.101260526,0.997304628,0.079362981
139,60.53029187,1.374606576,4.885,12.145,153.0157549,33.52772577,3.784319407,1.866198416,95.98147284,112.178491,212.2063426,63.92194727,29.47629607,13.25862218,10.70856466,9.761911082,8.029245682,5.083509445,1.635061774,0.487998517,0.239270492,1.055087629,0.083961206
140,55.7976222,3.939471596,6.81,14.845,216.6329882,58.0739633,15.23649937,4.302529274,58.73576907,114.5240024,172.374481,122.981881,149.9128876,133.6941889,75.35777996,59.32210769,30.48171305,16.55242781,2.866831931,1.317162543,0.5442475,10.63904551,0.846628342
141,51.78219129,3.442940745,5.785,13.515,223.8810866,60.51471888,14.84907058,3.73498719,64.66754197,122.9388348,166.222539,140.0736442,172.6523868,128.012973,115.4337496,66.87861694,39.18121679,15.63812539,3.028680883,0.943799841,0.540794579,10.18694871,0.810651621
142,59.77496408,4.307499675,10.125,22.805,222.9640968,40.24363215,13.68835675,6.395408658,64.90531303,156.0851872,149.0989062,85.09673466,83.28751364,132.3026978,90.50861389,65.22958069,36.65562489,13.98764756,4.290885978,2.617598863,0.919710786,10.52831417,0.837816621
143,54.21429933,6.581408717,8.79,22.625,251.095202,47.2153638,24.14896416,12.0229238,60.47857749,119.3341642,162.8343101,117.2427706,91.13208441,107.6673898,148.0177172,93.37182227,100.630382,29.06462565,9.776583792,5.436743017,2.200157231,8.567898649,0.681811711
144,249.1622637,9.26469746,1.61,7.88,484.7570547,192.655352,24.95764946,12.84482079,369.1636852,873.8328161,561.7591519,406.4313441,190.4180296,279.0072467,188.986951,106.9543326,58.71384434,14.28755257,13.62232141,6.953472848,4.690132352,22.20269124,1.76683403
145,222.7129442,17.05916917,1.92,11.17,437.1169904,166.2983381,48.81442287,9.158861309,269.3152276,446.6901724,658.4766305,366.7033291,277.1490297,343.2117324,431.7377015,395.8695585,235.6856378,23.25771788,8.465186579,2.694698746,1.549908671,27.31192187,2.173413685
146,135.6307748,4.929105555,3.235,11.435,282.6429398,92.68051903,16.92034426,3.185572659,211.624159,302.8004263,264.7519992,200.4141313,170.9427464,90.76773991,109.6198605,52.30907219,46.57894461,17.05687404,2.225868306,0.726817903,0.380658849,7.22306724,0.574793428
147,189.8566459,12.90375014,2.525,7.375,371.4477798,145.0796886,56.24424764,13.27019088,298.8296215,574.2655521,368.0254665,300.9757667,295.8683045,246.1171734,330.7589423,340.5985004,201.1341552,56.23451924,9.38365094,4.406233757,2.356270273,19.58538236,1.558555208
148,284.0867845,21.54122781,1.905,5.22,557.0039382,296.6186354,74.6233648,9.619142881,423.517183,662.5714355,865.9740698,696.3495009,539.5701137,460.2759072,368.4323248,404.7527721,333.9187096,46.80743073,6.923336032,3.493205222,1.869879066,36.62759291,2.914731232
149,380.011414,17.0555022,2.325,5.705,607.47941,270.7399474,58.56022899,10.64453842,518.9115033,760.5433111,566.2136413,631.4595088,643.9304952,282.0090672,259.1534337,316.0974758,204.6730819,45.86636792,8.170169204,2.817372092,1.308792567,22.44156852,1.78584328
150,366.874916,17.32581202,2.45,5.555,639.4307545,298.1951438,52.69049632,10.51418236,475.178979,865.1745836,1169.430183,459.6243896,642.9200298,490.6127446,260.7218671,319.9571271,149.7909095,49.88989912,6.975907522,2.431185234,1.196629988,39.04172173,3.1068415
151,467.0240543,20.79928349,1.89,3.225,599.8783321,367.9562611,67.76610295,16.98720114,590.375395,1284.271477,1473.89435,891.4948644,570.6403846,401.6657711,320.2757462,431.8455354,309.9381965,36.44057094,13.01695789,6.467947568,3.431798922,31.96354647,2.54357821
152,218.5798335,11.1945324,3.115,7.29,367.6742497,201.796056,40.43386299,10.55987943,370.6164747,569.0934248,819.1147658,474.8425188,166.4872842,190.8879544,242.0551785,273.1402742,114.928614,21.57591565,10.6914295,4.489185267,2.280657079,15.19038076,1.208812093
153,286.6080742,36.48038678,4.495,6.47,605.5022406,284.6076261,128.5676442,25.44203829,290.8813964,466.7483962,1081.439188,853.5161478,522.2604517,482.5514312,522.1218494,640.8445906,552.097402,100.4142993,21.67603959,6.997868534,4.44457972,38.40022279,3.055792636
154,113.0554742,3.635155789,5.05,8.575,170.7959056,49.43679353,10.61308854,5.154446499,176.4803489,256.7241166,180.0873642,91.02607845,60.22409688,55.40090496,35.81166656,35.32937159,30.49658974,13.72508922,5.617648251,1.352352726,0.673018622,4.408663938,0.350830329
155,93.21661144,2.49047593,4.69,8.165,164.2903728,56.45449248,9.19084057,2.320075168,116.8154683,223.4700185,224.5818484,112.6895341,92.12183037,58.04343821,36.98909022,22.15683218,16.0470166,11.18488542,1.579945459,0.57381455,0.308669212,4.618950053,0.367564366
156,110.4964289,18.26869772,7.065,18.635,448.5320805,101.3994887,52.829194,59.12204275,138.8451348,186.8608889,293.9149306,186.6357165,195.5846013,256.3092179,177.446706,127.2309426,107.8873353,90.21211179,62.88588647,25.44989054,18.12561452,20.39643949,1.623097083
157,201.5321492,17.71100637,6,16.88,435.8435225,125.3959911,46.84737832,47.26417363,217.7934068,292.0826934,476.1844892,232.7895801,306.9852112,331.6517259,141.2403982,86.05095897,134.2595207,74.89144531,46.24616771,25.90762181,13.22132847,26.39200578,2.100209089
158,102.1642087,4.95422955,6.79,13.74,318.8530722,80.09782466,16.08007634,8.604584299,161.1653663,265.4402064,242.2429994,130.7317196,181.383819,105.1422784,69.73745842,48.58070743,35.84231038,15.28268532,8.335645635,2.769355791,1.202892515,8.366956671,0.665821256
159,134.9648052,5.461473599,7.09,13.66,418.6774896,99.01946495,17.22215495,7.954893151,211.7237691,353.4010614,293.9209862,157.2147064,179.774329,131.2688465,74.35864904,52.74701953,45.13915775,17.44296185,6.968331884,1.963876787,1.059141736,10.44604289,0.831269681
160,314.2829308,17.05373945,3.6,15.47,760.4804096,270.1009592,52.98953557,9.522481315,380.9461868,494.7477157,666.7026525,751.4785469,508.1292318,615.430356,269.4234715,222.3251294,167.3201424,39.41656364,7.048786622,2.461762369,1.289959876,48.97439165,3.897258258
161,269.8349761,28.63666024,10.61,16.76,1023.585739,220.4475239,79.0741796,16.12485554,284.396707,517.0064674,654.3108244,429.4558265,631.6879077,537.4933408,509.9244862,433.048728,333.401197,67.22984408,11.90324901,4.144538398,2.318256756,42.77236104,3.403716343
162,374.7606394,16.36228936,2.82,10.72,697.5586445,274.3325274,37.80396912,7.48749845,418.0391981,555.2156824,1243.044001,619.378884,357.2944231,207.8870438,134.5287466,142.7183084,156.6615995,29.75135789,6.068374633,3.210958067,1.207796821,16.54312531,1.316460084
163,276.7142431,12.52602492,2.44,11.95,643.8272496,278.5524832,33.99903768,14.45551005,500.9034656,579.2096129,1048.984739,873.707594,342.081058,204.5894165,137.0203663,85.37064518,58.40096513,36.00225978,13.23083896,5.795499694,2.677604774,16.28070847,1.295577615
164,148.5037681,18.15221094,4.38,15.69,483.5326076,91.57587164,73.04910714,16.0930282,150.0353981,166.916284,225.7866768,242.4864466,221.9113231,333.8232997,266.6183587,328.9289704,373.2570201,71.57798716,12.84638592,6.203278833,2.734976618,26.56481414,2.113960741
165,111.7274576,14.77401274,8.03,18.43,478.1960342,86.41878576,49.17932555,13.22482729,114.9679092,172.940917,191.9830169,220.6454503,209.6560026,194.7167177,269.7652352,215.1124933,164.0896505,46.11749269,10.96623733,3.938623265,1.648204646,15.49506406,1.23305802
166,47.05193405,5.874853168,16.6,29.19,343.1073074,35.85989419,29.32737948,14.6186996,47.65892744,55.32721779,74.33737449,90.71413578,105.2343609,133.2916357,153.6977102,80.42964401,82.01430843,53.70601477,11.71066994,3.908219708,1.569879913,10.60701135,0.844079144
167,52.31232898,9.787094413,13.48,29.51,448.6635756,42.36630614,41.18648144,21.66643113,52.85942727,57.37657326,88.08300864,112.4250645,111.5550361,119.3052934,159.6137464,164.7893932,164.4183096,55.3519178,17.25543026,5.048214331,2.596132106,9.494013593,0.755509597
168,87.95560849,11.40838334,12.4,28.48,588.2582279,76.13712109,65.50154891,19.10136754,89.97052791,96.61113724,153.8191028,173.0855024,249.6836667,315.2390115,213.7153261,206.9709065,205.1770623,81.78948215,11.93272584,4.436623585,2.266792438,25.08592347,1.996274361
169,129.5485924,19.07067702,11.42,33.6,681.1,78.87526836,84.63012569,37.31332848,130.5634473,144.6120226,161.0433628,248.5783895,188.858734,269.2346513,227.151481,277.0055427,324.1876002,175.1722447,33.30046494,8.888456302,3.877813209,21.4250128,1.704948347
170,98.89241606,5.523975226,6.78,12.74,318.2364589,107.7988548,18.63848783,3.115028423,106.6815342,138.56038,191.3911542,403.428236,307.8169612,193.8614837,164.4873768,95.01835684,63.48413821,10.63252782,2.285305431,0.692316147,0.389525041,15.4270067,1.227642187
171,93.12869482,6.567210473,6.96,13.38,292.1174697,88.98762491,22.6105948,5.525450219,99.15029467,117.5019162,170.6386677,199.0724345,259.1631335,267.4259686,251.4540994,110.9460677,89.05798578,15.18991539,4.760128297,1.617917788,0.721187906,21.28108241,1.69349473
172,45.12859501,3.203299836,8.48,15.16,152.752381,47.70762919,11.80225863,7.799639858,53.933532,98.77447541,136.8551595,118.0666096,113.5280066,67.46365815,42.47426534,50.72075872,31.07225775,16.4065941,6.162025199,5.337283972,4.00600868,5.368587337,0.427218606
173,67.07515202,4.164742426,8.94,13.78,144.7673878,41.98328459,13.13147133,6.517600601,86.32239527,122.4186783,116.0130382,71.86441489,134.0557611,59.28740882,48.50487064,33.84935785,50.09582602,10.96605885,6.423851966,6.088804827,4.069164486,4.717942088,0.375441902
174,258.0581702,12.77884376,6.06,11.63,801.9969066,250.203109,45.75896183,23.60610555,333.795489,491.4292247,878.4439873,730.3508942,391.8973543,289.0210573,236.1273224,114.1636845,120.7869547,39.08546073,28.96807232,6.161657449,2.857861788,22.99956496,1.830247226
175,310.1966959,14.02286238,5.88,11.86,867.5331315,306.995968,59.93700009,17.26161349,484.2928932,629.8995513,831.9610144,718.8571229,893.9507065,530.2427314,335.4232184,188.2137918,163.9930275,43.18376372,16.99207071,4.647367512,1.712969724,42.19537587,3.357801323
176,229.3612645,7.257235171,5.92,8.82,424.2814436,148.6832905,19.68151338,3.808585373,283.4410823,474.7726915,765.6522639,298.3641411,161.02834,112.7538883,84.77684664,65.22220413,55.73154891,13.21421081,2.893871807,0.859257692,0.547765146,8.97266934,0.714022339
177,131.8491344,5.676102429,6.8,10.84,404.0542703,104.7878786,16.79663793,3.229368917,239.5463599,235.1113133,448.0302472,220.1951711,170.7499565,117.3633433,82.36041158,68.63258925,43.36366377,11.03244693,2.06328974,0.750615701,0.468500936,9.339478114,0.743212054
178,56.39153253,6.097680669,8.08,14.12,241.4329606,55.01136025,19.22974024,8.797295693,91.42647907,192.3623401,140.6689167,178.3582007,103.8365171,84.06857801,103.5940791,95.4639818,82.09025113,19.0529745,8.374878119,8.037019414,7.674340077,6.689964875,0.532370489
179,82.45929498,6.112736663,6.34,13.1,234.5862888,76.02675912,14.60230317,9.469805193,123.5442542,282.4957526,217.2758844,242.7240225,137.931357,129.7449235,122.5908526,46.08968692,33.05489073,14.31601833,9.277446881,6.679399536,2.671093158,10.32477295,0.821619326
180,161.9681024,8.30826002,5.36,9.32,333.6983015,125.6425094,20.68694388,15.39289062,181.3920997,351.159424,545.0759299,259.6320198,127.6160998,126.6011321,130.689143,52.82426455,29.54213203,23.02006549,16.25725941,13.49576463,8.064980134,10.07459799,0.801711035
181,212.3465306,9.812151868,3.26,7.88,332.2521385,167.3330828,21.74784199,16.40938729,241.8471697,339.7034338,674.7716298,444.9089788,227.2285966,179.4410265,142.0514033,52.26407144,36.01569391,23.70679282,15.02123317,7.992779654,2.757626057,14.27946318,1.136323575
182,123.6841176,13.89351954,7.26,14.6,525.7392698,127.3756692,54.96929015,33.08575591,180.7053547,217.320688,303.5590413,431.4281527,238.557981,253.6838678,250.0169908,205.0131432,106.0685685,81.27707194,39.63454781,8.262410554,2.81829882,20.18752077,1.60647186
183,180.1567904,20.00225397,6.8,13.25,593.0105862,156.7631017,60.37725539,10.66936591,237.7133558,388.756704,526.3928397,333.5160946,377.2294253,440.0907245,373.2720811,356.571013,210.7410417,48.00844625,8.962621054,3.316045148,1.637707608,35.02130711,2.78690707
184,48.89739848,3.763954647,20.24,29.88,349.2009336,33.42370422,11.10110823,10.44411627,92.32073473,159.332981,92.11877266,67.37008407,83.34559157,44.27497124,39.29368435,22.76065802,24.43548086,20.91182108,7.497420265,8.67690921,3.346167254,3.523290264,0.280374531
185,39.37943664,5.079850688,21.54,31.66,345.7936804,33.0469228,12.03905536,13.39104627,72.00283281,106.8963861,77.10261345,47.08630537,77.02217833,87.17542672,78.04042143,47.92807781,28.28316804,15.91715596,15.80388425,18.91274038,5.241209203,6.937200039,0.552044839
186,78.6901875,3.614806895,21.56,30.7,425.4886195,49.79030992,10.46461342,13.71308459,110.4048818,133.0641175,202.6799558,92.55326806,89.14189442,51.87239187,40.91454315,40.98416056,23.95967397,14.98133285,16.61918266,9.016246759,4.654101739,4.127873788,0.328485759
187,59.16479431,4.841149083,20.4,30.88,411.2456991,46.70118704,11.23824821,15.23375125,100.4428768,129.5428545,175.8078765,125.2962808,78.56146345,46.48905783,37.46576206,22.60814206,26.68859204,14.83956498,15.78377964,15.17295479,9.056241219,3.699481677,0.294395398
188,270.6307858,13.57508064,2.22,3.2,323.7343434,214.9822637,34.39864658,6.450292736,364.4849883,533.0442079,662.8033019,901.8690772,381.1273833,320.2617962,199.4700804,101.0384484,81.04364719,28.53694747,4.992472352,1.700868318,0.963143458,25.48562398,2.028081517
189,196.2165527,7.772529689,2.6,3.42,315.3145954,170.6980333,23.13491984,4.129426026,349.6801566,424.5382132,424.1098057,423.2139437,295.914685,245.1342342,110.0873327,55.44991663,49.24689964,21.22971639,2.884890877,1.243869602,0.685542694,19.50716255,1.552330673
190,172.2368417,13.84952534,1.25,5.39,300.8957123,214.8573542,38.98921799,6.599836206,219.0463132,414.1684026,547.4887139,689.5904773,625.204345,230.2048953,138.8694042,114.2681126,80.89897753,47.74724907,4.294813542,1.783561913,0.999402566,18.3191235,1.457789529
191,273.9028726,18.59727451,1.22,5.005,314.8874338,220.9612663,49.95904854,10.36069145,299.7488714,493.4760334,439.7825957,626.1495707,688.9484467,350.4552193,216.964433,209.1050228,159.0732803,46.96044094,7.626409094,3.324268024,1.810979346,27.88834024,2.219283602
192,70.35333859,11.40829277,5.08,10.63,213.2726389,64.46472339,46.61204585,22.57393072,72.78544761,95.54997141,156.5318978,225.1687863,178.4007547,160.209061,112.7814862,142.41518,102.1634556,89.46422332,18.26934667,7.275875293,8.448442704,12.749032,1.014535731
193,72.12472359,12.95101968,3.085,8.425,237.5035525,59.62011643,60.30998893,17.80177142,74.64792462,84.27037043,112.9002898,132.183803,187.328924,201.6804562,138.1825131,156.1505162,216.6379236,69.1833621,13.58199254,6.751977572,9.588507935,16.04922076,1.277156409
194,77.36397538,7.138352771,8.21,14.17,219.1495774,55.54109746,30.56703889,16.27691976,86.39162434,168.8453178,147.8833464,139.980482,113.2639547,116.3711545,127.383034,109.7953642,115.7214708,42.56912212,14.87120417,6.45234813,3.677304482,9.260522239,0.736928945
195,91.09040223,11.04456715,4.69,11.645,223.9760887,52.45432785,45.63021583,25.83293675,109.1530424,119.5386613,115.746212,161.2231618,95.10958712,168.6117626,156.9295113,157.4020536,86.99859419,77.49709379,19.96123896,13.21314973,11.5826961,13.41769774,1.06774646
196,231.3092574,25.04929451,4.82,10.79,788.5792021,258.8518238,90.93614245,22.04191899,260.838125,283.936878,395.6713072,1048.895914,650.5008693,710.4615606,661.1208407,353.0746363,367.1906852,84.28554524,19.30505345,10.9095137,5.359033161,56.53673462,4.499050391
197,324.0081856,27.94200159,4.335,11.285,752.7194728,257.0757227,100.0433461,32.44298061,333.6856575,345.7371429,464.9992968,993.5165393,672.6855946,651.9613207,637.3444628,505.0411011,356.3164794,91.25895795,25.06210323,12.0519139,8.140350123,51.88143345,4.128593294
198,74.15953482,11.41360855,5.15,10.175,264.9847108,66.73908526,41.58422425,22.63659919,74.43603429,85.38318592,129.0021629,176.0649274,201.7445701,252.7577572,202.9081075,164.0119475,147.8579511,41.22531197,25.00589936,7.592401593,4.963090648,20.11382323,1.600607196
199,106.4128417,20.08226841,2.81,7.81,279.1923949,66.41134937,73.35425693,30.89490648,108.1558894,107.8964045,182.2878637,157.3277712,164.936898,176.5009575,141.2461155,231.364462,285.8495004,100.2783968,25.78259291,11.6709177,10.98783353,14.04549993,1.117705371
200,60.78505883,12.1825755,4.24,11.095,195.3740485,37.99992153,47.23705378,29.45109969,62.89501646,71.90617161,80.08577775,93.54760843,128.7803051,91.38198433,96.65587126,191.8087018,128.1970163,81.779346,24.13634959,12.95043153,9.420324869,7.271947258,0.578683176
201,46.58557881,9.675238485,4.68,11.91,180.5150267,38.4516,34.39370718,18.45805636,48.17169755,64.46069815,99.6811257,87.83018046,127.2025946,100.5133514,86.44480188,127.5604863,146.0005962,50.01280096,16.06331526,5.833380821,3.74873514,7.998598358,0.636508233
202,82.15589684,8.687281292,4.46,12.13,187.4328861,59.57501327,27.07958739,20.97549174,91.74878835,117.8886463,109.6613524,189.8616022,157.8092581,175.5546815,112.2885667,67.91119933,87.95550258,31.97539432,23.62376972,14.91403766,7.941052517,13.97019767,1.111713008
203,70.2449555,9.757766112,4.14,11.39,188.9660535,68.0597002,27.65324882,13.80719063,75.14982995,88.85889902,124.4764498,205.3593523,231.3685219,192.8628833,149.1486857,120.1890128,67.75649452,26.57879384,15.16667167,11.48293305,10.48382468,15.34754061,1.221318476
204,96.28565159,10.05077831,3.15,8.775,289.3223524,105.8704772,33.10460303,13.79716105,103.2947203,144.7955285,184.9450579,370.1080224,267.3090116,221.3097891,229.9626073,233.3887801,70.9606301,39.24508946,12.87603534,7.750605413,3.412137569,17.61127344,1.401460611
205,110.9076217,13.10377795,4.42,9.465,248.5150654,94.73021895,44.62999213,21.42914113,116.5095862,158.666066,157.054045,210.2719857,355.8716135,240.1552068,206.9601633,144.4373465,135.3425436,57.50819321,16.65755902,11.69019856,8.844876531,19.11094414,1.520800613
206,44.04536226,3.569777798,6.925,13.07,140.0296424,32.28762672,12.70201498,7.332001162,52.85785429,106.9874026,112.4773163,74.73452518,71.99917003,42.876743,45.9073862,36.06424075,48.64736028,12.84204255,6.125834738,5.71031619,5.35772005,3.412022796,0.271520147
207,40.78112074,2.797471281,6.145,12.36,136.4305193,29.31527783,10.50409053,5.553920911,53.75619834,125.9444367,79.75549566,76.85364418,62.1353198,58.54972711,105.8519886,71.34058189,33.46202852,8.7414556,5.766829952,3.408503224,2.343481421,4.659239243,0.370770478
208,53.13133136,7.260478511,5.255,12.075,197.5813346,53.40546159,25.07728791,14.85562472,64.41985149,103.6391446,116.0828165,115.9811097,145.9478668,117.6942982,122.293415,83.39804538,77.01767021,30.88584608,13.22696239,8.515980122,6.005478703,9.365814662,0.74530785
209,103.1577204,8.308126302,3.84,9.645,218.5061559,87.09399633,28.97418556,15.54520932,121.7265622,122.9882093,177.4873222,313.5565807,285.269284,116.8191449,135.2458,146.882519,91.44792327,31.59747544,13.30538911,11.00233365,5.688850414,9.296172176,0.739765877
210,71.72678935,3.879830872,8.085,13.245,267.8299761,63.42805384,16.29126775,6.53927274,81.26524316,153.8816163,227.7328938,140.8325867,113.8112609,88.42842141,92.38371402,56.14658988,54.21513976,15.91540155,5.780559262,5.340173012,2.763205061,7.036910189,0.55997952
211,62.5978377,6.326390783,6.8,12.06,214.186294,61.62443729,17.33370978,11.06816909,68.46882212,115.7593284,154.3627884,140.0596962,176.0788842,124.276957,111.7859327,73.80618651,52.83703869,19.23606858,13.1605243,5.715473507,6.440214362,9.889646013,0.786993024
212,71.82215902,11.08033965,5.43,14.46,272.6248586,54.8743839,39.02251339,16.85360321,75.6733609,90.17002459,115.5234226,142.4191831,183.8674178,203.6453558,147.338286,217.1220485,177.8098982,49.80943752,17.13193414,10.02855488,8.957522577,16.20558251,1.289599281
213,65.4724414,10.24334755,8.075,18.29,310.6812424,53.26015594,42.40183899,32.07675993,67.10578505,104.8560272,188.5120454,144.0221055,99.79727566,120.2459404,139.8998066,221.030023,180.9780914,49.82329628,29.67870925,22.95834537,13.96122256,9.568867903,0.761466313
214,35.41628498,7.205267286,8.17,16.355,182.6287161,37.44468444,19.42602121,14.13536769,52.3175824,82.45138984,97.3146114,122.4179075,87.79339865,58.26236873,76.4348002,102.4388204,86.86591316,28.18612731,14.20082648,10.27098311,11.36919748,4.63637199,0.36895076
215,58.76480067,8.615913226,6.71,15.255,182.8559971,48.74572845,23.38179788,18.99511947,63.97859146,96.85853745,111.836134,115.7823348,163.2228309,151.7706005,96.12684858,134.2981765,96.99088505,26.89377461,20.48304787,19.46301603,12.95258017,12.07752064,0.961098555
216,407.2460501,33.62704222,2.01,6.55,664.5234742,379.0877418,61.3199326,39.51730599,679.747372,1086.338791,1284.738885,1045.860232,900.5509644,544.0217238,307.2092559,220.4214311,107.5800322,66.85971168,37.12650198,19.56845615,8.171248916,43.29187325,3.445057812
217,475.252422,32.44016652,1.435,3.7,736.591419,544.731319,115.1454633,34.55399041,765.7034026,1048.653862,958.1817966,1381.398579,1948.585718,1177.707683,565.2684793,271.047232,303.7422295,112.5097498,27.38895944,15.95948441,10.15909512,93.71899967,7.45792103
218,120.3478953,4.569851397,4.09,9.755,292.2571113,71.73239696,13.75165798,4.165693562,308.7939556,275.6851195,224.856112,125.9355489,111.8868275,68.62891078,62.60342651,78.50992264,46.14146407,11.94446734,3.141546598,1.202290387,0.481511418,5.461315195,0.434597655
219,176.2928722,4.82110008,4.125,8.34,367.3315564,104.6107807,9.910401427,2.146130948,353.0651581,324.5789248,460.5219041,137.4314699,108.7056179,53.04325881,34.91476309,24.62295262,28.48403961,8.253885633,1.592598979,0.538273289,0.268535497,4.221048419,0.33590036
220,142.3577444,6.132128655,1.03,3.94,133.1993867,96.08600139,8.733836149,1.09519635,212.6279599,263.1927683,336.5195656,299.017614,129.8461879,72.24903661,47.58928355,28.49559773,18.16862453,4.417017149,0.871796475,0.332406208,0.164797811,5.749395655,0.457522369
221,152.1931279,4.221410709,0.615,2.705,138.2409116,91.94904751,7.434193674,1.118771944,249.0903104,267.7619396,259.4570054,198.2590209,113.7925567,57.44770384,36.65844038,20.6189445,16.07792618,4.215009966,0.87998895,0.350401411,0.184090434,4.571543017,0.363791834
222,93.50024917,5.792170558,5.7,14.13,329.0742312,80.07857601,17.12582888,2.549831281,127.0804449,185.1277704,289.6234151,200.8918103,114.3815402,88.417943,52.99307426,75.04412603,67.00578468,17.80482331,1.619662391,0.6934851,0.394794154,7.036076344,0.559913165
223,200.9283538,12.83790133,3.36,6.88,465.6549477,182.1229565,35.83832024,5.039519632,216.857515,422.276989,501.4596821,481.6727681,392.0187695,217.3190131,209.7226682,222.0660289,146.5212047,24.80910637,3.48180303,1.486077186,0.833089627,17.29369758,1.376188727
224,193.9479803,6.047437353,3.69,12.79,395.7986407,112.9977548,21.42198008,5.59592362,269.3092289,388.2472682,218.0966618,310.7597113,228.6102075,155.5766153,146.1418188,71.83521755,72.43291031,13.84239735,5.173319726,1.849176247,1.037040489,12.38039368,0.985200426
225,152.8521348,8.386425167,4.19,12.98,366.7981924,116.215423,29.53063868,11.24278112,257.4207428,418.6189467,593.571901,191.0520442,238.6164493,180.4652742,172.7466375,114.6144942,116.0337567,28.25425215,12.83664105,7.047399961,3.250898591,14.36097022,1.142809699
226,166.6001755,4.755773152,3.03,9.33,274.5920244,92.61174841,16.33266044,3.36031524,456.7760472,341.3859175,289.9692348,241.3636665,199.3041391,73.81064363,67.57142931,52.49349801,45.60656819,15.69950423,2.62250415,1.231276883,0.707122228,5.873664393,0.467411361
227,140.6719813,4.421099606,2.7,11.84,236.8559366,71.85993768,16.67538188,9.398168672,309.73159,418.4653255,193.8275998,147.6938359,124.9648504,69.2378096,63.48478545,58.38645129,33.29354341,25.82907839,9.399632837,1.804534415,1.218407616,5.509769823,0.438453551
228,108.948155,5.062107682,6.245,11.6,234.8885289,76.66840255,14.35909609,14.62000627,170.2496398,243.9331157,248.5940047,145.8480115,109.592954,90.94966111,83.69373745,42.63339883,25.56285432,14.19706661,15.96932342,7.083589442,2.958604523,7.237544069,0.575945457
229,198.0829543,8.918243665,2.23,6.66,301.241748,143.2000669,21.3195994,12.44230108,269.7834667,426.9147018,591.3358661,252.2772892,162.9143402,128.1571729,85.11604983,45.51488386,44.58571358,27.11286302,13.8615056,9.749339937,5.168654703,10.19842378,0.811564778
230,142.1386638,3.925452146,1.615,7.385,213.1753512,72.96753932,7.398365976,0.910785759,197.3297271,612.0481101,188.7017844,171.5393987,94.94966616,79.66719757,45.06391133,33.65673171,18.34957585,3.407583361,0.626720446,0.222921826,0.123442188,6.339714147,0.504498422
231,113.5959187,3.697640321,2.03,7.765,170.1259987,61.24539344,8.853086463,1.45092357,172.1465921,353.6559323,187.1176113,150.4469205,125.0010163,80.61870739,65.62740412,44.39251767,36.70752267,4.140383321,1.208794157,0.493029329,0.269980016,6.415432894,0.510523929
232,69.44793963,1.910297393,4.24,10.95,147.6458742,27.45676462,4.743415479,0.975805684,138.3608755,218.6092887,93.1033564,42.88594949,26.21956644,28.46987586,20.98063238,14.65675431,15.29876921,5.495854561,0.650818327,0.225315629,0.131584649,2.265560736,0.180287595
233,93.32010101,1.936966938,3.255,9.315,163.7553572,38.79508033,4.123906296,0.561925614,139.6870631,292.9135736,99.64927664,87.80322492,30.65898688,35.53868767,25.06216207,16.14304332,16.64612545,2.759024486,0.391767822,0.204675573,0.11375714,2.828078906,0.225051369
234,41.89220438,1.259017082,4.125,9.445,86.02587492,18.0526064,2.042792264,0.285436296,105.801859,96.81977666,74.5454667,39.33328753,22.73159699,13.73935691,10.99403722,6.706866002,5.578147064,1.661053319,0.195804477,0.082179727,0.042168595,1.093343284,0.087005494
235,36.51447288,0.998183317,4.2,10.19,81.50868815,17.00770867,1.841370947,0.181140491,108.3441536,97.56559299,60.77698012,36.15737352,22.3721921,11.46878303,12.53799718,8.529471131,8.313295299,0.873035055,0.128993732,0.062076094,0.035205874,0.912656755,0.072626917
236,53.03294124,1.699203024,5.285,10.605,120.337901,23.85671123,3.491437269,0.63413397,77.20566761,138.0885272,148.8965558,38.19709494,21.43265324,22.44696976,16.15147017,12.70486517,15.6309479,2.142805,0.393122121,0.154107582,0.079531932,1.786273098,0.142147097
237,48.39444482,1.283788047,2.86,7.845,112.911023,25.07682819,3.752373233,1.142651458,80.82643774,209.7188671,146.8763565,41.0371351,16.80834019,12.03614579,12.66328203,10.30105226,12.49187748,5.497068624,0.842097035,0.208176547,0.118995852,0.957806049,0.076219784
238,68.28926432,2.697519459,5.32,9.535,175.6581382,47.01300353,9.616927335,5.870451719,220.5730841,215.4658229,157.1148325,135.4202966,81.92714888,35.84047751,30.60709794,37.97816933,24.27693773,9.831443173,7.021814412,2.048416975,1.017591941,2.852094579,0.226962475
239,96.90536322,2.896232811,5.505,8.93,175.047476,60.0800359,10.89818499,3.68678219,171.4122712,180.4242255,267.7294482,103.7470226,94.40586682,80.3440349,37.73386116,21.8434695,25.73628296,16.49802149,3.532920193,1.977707106,1.074996147,6.393575151,0.508784545